Program,Year,Period,Week Ending,Geo Level,State,State ANSI,Ag District,Ag District Code,County,County ANSI,Zip Code,Region,watershed_code,Watershed,Commodity,Data Item,Domain,Domain Category,Value,CV (%),Value2
SURVEY,2014,MARKETING YEAR,NA,REGION : MULTI-STATE,NA,NA,NA,NA,NA,NA,NA,E SOUTH CENTRAL,00000000,NA,"FERTILIZER, MIXED","FERTILIZER, MIXED, 0-18-36 - PRICE PAID, MEASURED IN $ / TON",TOTAL,NOT SPECIFIED,587,NA,581.16959105681
SURVEY,2014,MARKETING YEAR,NA,REGION : MULTI-STATE,NA,NA,NA,NA,NA,NA,NA,E SOUTH CENTRAL,00000000,NA,"FERTILIZER, MIXED","FERTILIZER, MIXED, 10-10-10 - PRICE PAID, MEASURED IN $ / TON",TOTAL,NOT SPECIFIED,478,NA,482.81677969943985
SURVEY,2014,MARKETING YEAR,NA,REGION : MULTI-STATE,NA,NA,NA,NA,NA,NA,NA,E SOUTH CENTRAL,00000000,NA,"FERTILIZER, MIXED","FERTILIZER, MIXED, 10-34-0 - PRICE PAID, MEASURED IN $ / TON",TOTAL,NOT SPECIFIED,584,NA,585.9509909902033
SURVEY,2014,MARKETING YEAR,NA,REGION : MULTI-STATE,NA,NA,NA,NA,NA,NA,NA,E SOUTH CENTRAL,00000000,NA,"FERTILIZER, MIXED","FERTILIZER, MIXED, 13-13-13 - PRICE PAID, MEASURED IN $ / TON",TOTAL,NOT SPECIFIED,590,NA,591.6109165698753
SURVEY,2014,MARKETING YEAR,NA,REGION : MULTI-STATE,NA,NA,NA,NA,NA,NA,NA,E SOUTH CENTRAL,00000000,NA,"FERTILIZER, MIXED","FERTILIZER, MIXED, 17-17-17 - PRICE PAID, MEASURED IN $ / TON",TOTAL,NOT SPECIFIED,596,NA,588.7814692794952
SURVEY,2014,MARKETING YEAR,NA,REGION : MULTI-STATE,NA,NA,NA,NA,NA,NA,NA,E SOUTH CENTRAL,00000000,NA,"FERTILIZER, MIXED","FERTILIZER, MIXED, 18-46-0 (DAP) - PRICE PAID, MEASURED IN $ / TON",TOTAL,NOT SPECIFIED,604,NA,601.81410795956
SURVEY,2014,MARKETING YEAR,NA,REGION : MULTI-STATE,NA,NA,NA,NA,NA,NA,NA,E SOUTH CENTRAL,00000000,NA,"FERTILIZER, MIXED","FERTILIZER, MIXED, 19-19-19 - PRICE PAID, MEASURED IN $ / TON",TOTAL,NOT SPECIFIED,584,NA,587.3896853534297
SURVEY,2014,MARKETING YEAR,NA,REGION : MULTI-STATE,NA,NA,NA,NA,NA,NA,NA,E SOUTH CENTRAL,00000000,NA,"FERTILIZER, MIXED","FERTILIZER, MIXED, 5-20-20 - PRICE PAID, MEASURED IN $ / TON",TOTAL,NOT SPECIFIED,625,NA,626.4987178252745
SURVEY,2014,MARKETING YEAR,NA,REGION : MULTI-STATE,NA,NA,NA,NA,NA,NA,NA,E SOUTH CENTRAL,00000000,NA,"FERTILIZER, MIXED","FERTILIZER, MIXED, 6-24-24 - PRICE PAID, MEASURED IN $ / TON",TOTAL,NOT SPECIFIED,686,NA,684.3762920032257
SURVEY,2014,MARKETING YEAR,NA,REGION : MULTI-STATE,NA,NA,NA,NA,NA,NA,NA,E SOUTH CENTRAL,00000000,NA,"FERTILIZER, MIXED","FERTILIZER, MIXED, 9-23-30 - PRICE PAID, MEASURED IN $ / TON",TOTAL,NOT SPECIFIED,606,NA,608.4620653828503
SURVEY,2014,MARKETING YEAR,NA,REGION : MULTI-STATE,NA,NA,NA,NA,NA,NA,NA,E SOUTH CENTRAL,00000000,NA,"FERTILIZER, OTHER","FERTILIZER, OTHER, LIMESTONE SPREAD - PRICE PAID, MEASURED IN $ / TON",TOTAL,NOT SPECIFIED,47.7,NA,46.112295884366425
SURVEY,2014,MARKETING YEAR,NA,REGION : MULTI-STATE,NA,NA,NA,NA,NA,NA,NA,MOUNTAIN,00000000,NA,"FERTILIZER, MIXED","FERTILIZER, MIXED, 10-34-0 - PRICE PAID, MEASURED IN $ / TON",TOTAL,NOT SPECIFIED,679,NA,691.8671354849708
SURVEY,2014,MARKETING YEAR,NA,REGION : MULTI-STATE,NA,NA,NA,NA,NA,NA,NA,MOUNTAIN,00000000,NA,"FERTILIZER, MIXED","FERTILIZER, MIXED, 11-52-0 - PRICE PAID, MEASURED IN $ / TON",TOTAL,NOT SPECIFIED,632,NA,637.5579105902907
SURVEY,2014,MARKETING YEAR,NA,REGION : MULTI-STATE,NA,NA,NA,NA,NA,NA,NA,MOUNTAIN,00000000,NA,"FERTILIZER, MIXED","FERTILIZER, MIXED, 16-20-0 - PRICE PAID, MEASURED IN $ / TON",TOTAL,NOT SPECIFIED,560,NA,565.2119630688563
SURVEY,2014,MARKETING YEAR,NA,REGION : MULTI-STATE,NA,NA,NA,NA,NA,NA,NA,MOUNTAIN,00000000,NA,"FERTILIZER, MIXED","FERTILIZER, MIXED, 18-46-0 (DAP) - PRICE PAID, MEASURED IN $ / TON",TOTAL,NOT SPECIFIED,688,NA,685.0250365524408
SURVEY,2014,MARKETING YEAR,NA,REGION : MULTI-STATE,NA,NA,NA,NA,NA,NA,NA,NORTH CENTRAL,00000000,NA,"FERTILIZER, MIXED","FERTILIZER, MIXED, 10-34-0 - PRICE PAID, MEASURED IN $ / TON",TOTAL,NOT SPECIFIED,652,NA,654.837786689342
SURVEY,2014,MARKETING YEAR,NA,REGION : MULTI-STATE,NA,NA,NA,NA,NA,NA,NA,NORTH CENTRAL,00000000,NA,"FERTILIZER, MIXED","FERTILIZER, MIXED, 11-52-0 - PRICE PAID, MEASURED IN $ / TON",TOTAL,NOT SPECIFIED,584,NA,589.6698048115431
SURVEY,2014,MARKETING YEAR,NA,REGION : MULTI-STATE,NA,NA,NA,NA,NA,NA,NA,NORTH CENTRAL,00000000,NA,"FERTILIZER, MIXED","FERTILIZER, MIXED, 13-13-13 - PRICE PAID, MEASURED IN $ / TON",TOTAL,NOT SPECIFIED,690,NA,697.1949552627422
SURVEY,2014,MARKETING YEAR,NA,REGION : MULTI-STATE,NA,NA,NA,NA,NA,NA,NA,NORTH CENTRAL,00000000,NA,"FERTILIZER, MIXED","FERTILIZER, MIXED, 18-46-0 (DAP) - PRICE PAID, MEASURED IN $ / TON",TOTAL,NOT SPECIFIED,615,NA,625.6249709506501
SURVEY,2014,MARKETING YEAR,NA,REGION : MULTI-STATE,NA,NA,NA,NA,NA,NA,NA,NORTH CENTRAL,00000000,NA,"FERTILIZER, MIXED","FERTILIZER, MIXED, 19-19-19 - PRICE PAID, MEASURED IN $ / TON",TOTAL,NOT SPECIFIED,592,NA,593.5695996648146
SURVEY,2014,MARKETING YEAR,NA,REGION : MULTI-STATE,NA,NA,NA,NA,NA,NA,NA,NORTH CENTRAL,00000000,NA,"FERTILIZER, MIXED","FERTILIZER, MIXED, 3-10-30 - PRICE PAID, MEASURED IN $ / TON",TOTAL,NOT SPECIFIED,480,NA,474.0062917351282
SURVEY,2014,MARKETING YEAR,NA,REGION : MULTI-STATE,NA,NA,NA,NA,NA,NA,NA,NORTH CENTRAL,00000000,NA,"FERTILIZER, MIXED","FERTILIZER, MIXED, 6-24-24 - PRICE PAID, MEASURED IN $ / TON",TOTAL,NOT SPECIFIED,697,NA,703.1116014995716
SURVEY,2014,MARKETING YEAR,NA,REGION : MULTI-STATE,NA,NA,NA,NA,NA,NA,NA,NORTH CENTRAL,00000000,NA,"FERTILIZER, MIXED","FERTILIZER, MIXED, 9-23-30 - PRICE PAID, MEASURED IN $ / TON",TOTAL,NOT SPECIFIED,623,NA,632.7146586668767
SURVEY,2014,MARKETING YEAR,NA,REGION : MULTI-STATE,NA,NA,NA,NA,NA,NA,NA,NORTH CENTRAL,00000000,NA,"FERTILIZER, OTHER","FERTILIZER, OTHER, LIMESTONE SPREAD - PRICE PAID, MEASURED IN $ / TON",TOTAL,NOT SPECIFIED,25.4,NA,25.47778991855082
SURVEY,2014,MARKETING YEAR,NA,REGION : MULTI-STATE,NA,NA,NA,NA,NA,NA,NA,NORTHEAST,00000000,NA,"FERTILIZER, MIXED","FERTILIZER, MIXED, 10-10-10 - PRICE PAID, MEASURED IN $ / TON",TOTAL,NOT SPECIFIED,476,NA,477.87735210408994
SURVEY,2014,MARKETING YEAR,NA,REGION : MULTI-STATE,NA,NA,NA,NA,NA,NA,NA,NORTHEAST,00000000,NA,"FERTILIZER, MIXED","FERTILIZER, MIXED, 10-20-20 - PRICE PAID, MEASURED IN $ / TON",TOTAL,NOT SPECIFIED,547,NA,542.797776628738
SURVEY,2014,MARKETING YEAR,NA,REGION : MULTI-STATE,NA,NA,NA,NA,NA,NA,NA,NORTHEAST,00000000,NA,"FERTILIZER, MIXED","FERTILIZER, MIXED, 10-34-0 - PRICE PAID, MEASURED IN $ / TON",TOTAL,NOT SPECIFIED,589,NA,594.7929890506052
SURVEY,2014,MARKETING YEAR,NA,REGION : MULTI-STATE,NA,NA,NA,NA,NA,NA,NA,NORTHEAST,00000000,NA,"FERTILIZER, MIXED","FERTILIZER, MIXED, 11-52-0 - PRICE PAID, MEASURED IN $ / TON",TOTAL,NOT SPECIFIED,644,NA,644.3717467802151
SURVEY,2014,MARKETING YEAR,NA,REGION : MULTI-STATE,NA,NA,NA,NA,NA,NA,NA,NORTHEAST,00000000,NA,"FERTILIZER, MIXED","FERTILIZER, MIXED, 18-46-0 (DAP) - PRICE PAID, MEASURED IN $ / TON",TOTAL,NOT SPECIFIED,655,NA,646.8129256455907
SURVEY,2014,MARKETING YEAR,NA,REGION : MULTI-STATE,NA,NA,NA,NA,NA,NA,NA,NORTHEAST,00000000,NA,"FERTILIZER, MIXED","FERTILIZER, MIXED, 19-19-19 - PRICE PAID, MEASURED IN $ / TON",TOTAL,NOT SPECIFIED,596,NA,602.3908025570887
SURVEY,2014,MARKETING YEAR,NA,REGION : MULTI-STATE,NA,NA,NA,NA,NA,NA,NA,NORTHEAST,00000000,NA,"FERTILIZER, MIXED","FERTILIZER, MIXED, 6-24-24 - PRICE PAID, MEASURED IN $ / TON",TOTAL,NOT SPECIFIED,598,NA,600.1362628874623
SURVEY,2014,MARKETING YEAR,NA,REGION : MULTI-STATE,NA,NA,NA,NA,NA,NA,NA,NORTHEAST,00000000,NA,"FERTILIZER, OTHER","FERTILIZER, OTHER, LIMESTONE SPREAD - PRICE PAID, MEASURED IN $ / TON",TOTAL,NOT SPECIFIED,130,NA,132.21736491141849
SURVEY,2014,MARKETING YEAR,NA,REGION : MULTI-STATE,NA,NA,NA,NA,NA,NA,NA,NORTHERN PLAINS,00000000,NA,"FERTILIZER, MIXED","FERTILIZER, MIXED, 10-34-0 - PRICE PAID, MEASURED IN $ / TON",TOTAL,NOT SPECIFIED,559,NA,553.1267495867371
SURVEY,2014,MARKETING YEAR,NA,REGION : MULTI-STATE,NA,NA,NA,NA,NA,NA,NA,NORTHERN PLAINS,00000000,NA,"FERTILIZER, MIXED","FERTILIZER, MIXED, 11-52-0 - PRICE PAID, MEASURED IN $ / TON",TOTAL,NOT SPECIFIED,597,NA,603.0196266940503
SURVEY,2014,MARKETING YEAR,NA,REGION : MULTI-STATE,NA,NA,NA,NA,NA,NA,NA,NORTHERN PLAINS,00000000,NA,"FERTILIZER, MIXED","FERTILIZER, MIXED, 16-20-0 - PRICE PAID, MEASURED IN $ / TON",TOTAL,NOT SPECIFIED,NA,NA,NaN
SURVEY,2014,MARKETING YEAR,NA,REGION : MULTI-STATE,NA,NA,NA,NA,NA,NA,NA,NORTHERN PLAINS,00000000,NA,"FERTILIZER, MIXED","FERTILIZER, MIXED, 18-46-0 (DAP) - PRICE PAID, MEASURED IN $ / TON",TOTAL,NOT SPECIFIED,580,NA,576.84750641779
SURVEY,2014,MARKETING YEAR,NA,REGION : MULTI-STATE,NA,NA,NA,NA,NA,NA,NA,NORTHWEST,00000000,NA,"FERTILIZER, MIXED","FERTILIZER, MIXED, 10-34-0 - PRICE PAID, MEASURED IN $ / TON",TOTAL,NOT SPECIFIED,627,NA,625.9431200286213
SURVEY,2014,MARKETING YEAR,NA,REGION : MULTI-STATE,NA,NA,NA,NA,NA,NA,NA,NORTHWEST,00000000,NA,"FERTILIZER, MIXED","FERTILIZER, MIXED, 11-52-0 - PRICE PAID, MEASURED IN $ / TON",TOTAL,NOT SPECIFIED,675,NA,684.942450016984
SURVEY,2014,MARKETING YEAR,NA,REGION : MULTI-STATE,NA,NA,NA,NA,NA,NA,NA,NORTHWEST,00000000,NA,"FERTILIZER, MIXED","FERTILIZER, MIXED, 16-20-0 - PRICE PAID, MEASURED IN $ / TON",TOTAL,NOT SPECIFIED,655,NA,663.7959114149759
SURVEY,2014,MARKETING YEAR,NA,REGION : MULTI-STATE,NA,NA,NA,NA,NA,NA,NA,NORTHWEST,00000000,NA,"FERTILIZER, MIXED","FERTILIZER, MIXED, 18-46-0 (DAP) - PRICE PAID, MEASURED IN $ / TON",TOTAL,NOT SPECIFIED,NA,NA,NaN
SURVEY,2014,MARKETING YEAR,NA,REGION : MULTI-STATE,NA,NA,NA,NA,NA,NA,NA,SOUTH CENTRAL,00000000,NA,"FERTILIZER, MIXED","FERTILIZER, MIXED, 0-18-36 - PRICE PAID, MEASURED IN $ / TON",TOTAL,NOT SPECIFIED,603,NA,603.3384822298061
SURVEY,2014,MARKETING YEAR,NA,REGION : MULTI-STATE,NA,NA,NA,NA,NA,NA,NA,SOUTH CENTRAL,00000000,NA,"FERTILIZER, MIXED","FERTILIZER, MIXED, 10-34-0 - PRICE PAID, MEASURED IN $ / TON",TOTAL,NOT SPECIFIED,582,NA,594.5192320893447
SURVEY,2014,MARKETING YEAR,NA,REGION : MULTI-STATE,NA,NA,NA,NA,NA,NA,NA,SOUTH CENTRAL,00000000,NA,"FERTILIZER, MIXED","FERTILIZER, MIXED, 11-52-0 - PRICE PAID, MEASURED IN $ / TON",TOTAL,NOT SPECIFIED,635,NA,640.7100730949292
SURVEY,2014,MARKETING YEAR,NA,REGION : MULTI-STATE,NA,NA,NA,NA,NA,NA,NA,SOUTH CENTRAL,00000000,NA,"FERTILIZER, MIXED","FERTILIZER, MIXED, 13-13-13 - PRICE PAID, MEASURED IN $ / TON",TOTAL,NOT SPECIFIED,661,NA,666.114334147389
SURVEY,2014,MARKETING YEAR,NA,REGION : MULTI-STATE,NA,NA,NA,NA,NA,NA,NA,SOUTH CENTRAL,00000000,NA,"FERTILIZER, MIXED","FERTILIZER, MIXED, 16-20-0 - PRICE PAID, MEASURED IN $ / TON",TOTAL,NOT SPECIFIED,516,NA,515.1511934116988
SURVEY,2014,MARKETING YEAR,NA,REGION : MULTI-STATE,NA,NA,NA,NA,NA,NA,NA,SOUTH CENTRAL,00000000,NA,"FERTILIZER, MIXED","FERTILIZER, MIXED, 16-6-12 - PRICE PAID, MEASURED IN $ / TON",TOTAL,NOT SPECIFIED,522,NA,519.3455829205385
SURVEY,2014,MARKETING YEAR,NA,REGION : MULTI-STATE,NA,NA,NA,NA,NA,NA,NA,SOUTH CENTRAL,00000000,NA,"FERTILIZER, MIXED","FERTILIZER, MIXED, 17-17-17 - PRICE PAID, MEASURED IN $ / TON",TOTAL,NOT SPECIFIED,594,NA,604.2345264754737
SURVEY,2014,MARKETING YEAR,NA,REGION : MULTI-STATE,NA,NA,NA,NA,NA,NA,NA,SOUTH CENTRAL,00000000,NA,"FERTILIZER, MIXED","FERTILIZER, MIXED, 18-46-0 (DAP) - PRICE PAID, MEASURED IN $ / TON",TOTAL,NOT SPECIFIED,621,NA,625.9823057207378
SURVEY,2014,MARKETING YEAR,NA,REGION : MULTI-STATE,NA,NA,NA,NA,NA,NA,NA,SOUTH CENTRAL,00000000,NA,"FERTILIZER, MIXED","FERTILIZER, MIXED, 19-19-19 - PRICE PAID, MEASURED IN $ / TON",TOTAL,NOT SPECIFIED,607,NA,611.5524889180474
SURVEY,2014,MARKETING YEAR,NA,REGION : MULTI-STATE,NA,NA,NA,NA,NA,NA,NA,SOUTH CENTRAL,00000000,NA,"FERTILIZER, MIXED","FERTILIZER, MIXED, 24-8-0 - PRICE PAID, MEASURED IN $ / TON",TOTAL,NOT SPECIFIED,436,NA,435.05053474930736
SURVEY,2014,MARKETING YEAR,NA,REGION : MULTI-STATE,NA,NA,NA,NA,NA,NA,NA,SOUTH CENTRAL,00000000,NA,"FERTILIZER, OTHER","FERTILIZER, OTHER, LIMESTONE SPREAD - PRICE PAID, MEASURED IN $ / TON",TOTAL,NOT SPECIFIED,97.5,NA,98.37921797855756
SURVEY,2014,MARKETING YEAR,NA,REGION : MULTI-STATE,NA,NA,NA,NA,NA,NA,NA,SOUTHEAST,00000000,NA,"FERTILIZER, MIXED","FERTILIZER, MIXED, 10-10-10 - PRICE PAID, MEASURED IN $ / TON",TOTAL,NOT SPECIFIED,534,NA,537.8367645067408
SURVEY,2014,MARKETING YEAR,NA,REGION : MULTI-STATE,NA,NA,NA,NA,NA,NA,NA,SOUTHEAST,00000000,NA,"FERTILIZER, MIXED","FERTILIZER, MIXED, 10-20-20 - PRICE PAID, MEASURED IN $ / TON",TOTAL,NOT SPECIFIED,605,NA,605.7438256831306
SURVEY,2014,MARKETING YEAR,NA,REGION : MULTI-STATE,NA,NA,NA,NA,NA,NA,NA,SOUTHEAST,00000000,NA,"FERTILIZER, MIXED","FERTILIZER, MIXED, 16-4-8 - PRICE PAID, MEASURED IN $ / TON",TOTAL,NOT SPECIFIED,616,NA,617.6092606727673
SURVEY,2014,MARKETING YEAR,NA,REGION : MULTI-STATE,NA,NA,NA,NA,NA,NA,NA,SOUTHEAST,00000000,NA,"FERTILIZER, MIXED","FERTILIZER, MIXED, 17-17-17 - PRICE PAID, MEASURED IN $ / TON",TOTAL,NOT SPECIFIED,599,NA,594.8446943480399
SURVEY,2014,MARKETING YEAR,NA,REGION : MULTI-STATE,NA,NA,NA,NA,NA,NA,NA,SOUTHEAST,00000000,NA,"FERTILIZER, MIXED","FERTILIZER, MIXED, 18-46-0 (DAP) - PRICE PAID, MEASURED IN $ / TON",TOTAL,NOT SPECIFIED,632,NA,634.2678670333396
SURVEY,2014,MARKETING YEAR,NA,REGION : MULTI-STATE,NA,NA,NA,NA,NA,NA,NA,SOUTHEAST,00000000,NA,"FERTILIZER, MIXED","FERTILIZER, MIXED, 5-10-30 - PRICE PAID, MEASURED IN $ / TON",TOTAL,NOT SPECIFIED,600,NA,594.1252331158354
SURVEY,2014,MARKETING YEAR,NA,REGION : MULTI-STATE,NA,NA,NA,NA,NA,NA,NA,SOUTHEAST,00000000,NA,"FERTILIZER, MIXED","FERTILIZER, MIXED, 5-20-20 - PRICE PAID, MEASURED IN $ / TON",TOTAL,NOT SPECIFIED,532,NA,529.7722848775487
SURVEY,2014,MARKETING YEAR,NA,REGION : MULTI-STATE,NA,NA,NA,NA,NA,NA,NA,SOUTHEAST,00000000,NA,"FERTILIZER, MIXED","FERTILIZER, MIXED, 6-6-18 - PRICE PAID, MEASURED IN $ / TON",TOTAL,NOT SPECIFIED,575,NA,571.6911465369839
SURVEY,2014,MARKETING YEAR,NA,REGION : MULTI-STATE,NA,NA,NA,NA,NA,NA,NA,SOUTHEAST,00000000,NA,"FERTILIZER, OTHER","FERTILIZER, OTHER, LIMESTONE SPREAD - PRICE PAID, MEASURED IN $ / TON",TOTAL,NOT SPECIFIED,139,NA,136.32004093366345
SURVEY,2014,MARKETING YEAR,NA,REGION : MULTI-STATE,NA,NA,NA,NA,NA,NA,NA,SOUTHWEST,00000000,NA,"FERTILIZER, MIXED","FERTILIZER, MIXED, 10-34-0 - PRICE PAID, MEASURED IN $ / TON",TOTAL,NOT SPECIFIED,618,NA,608.2903131075967
SURVEY,2014,MARKETING YEAR,NA,REGION : MULTI-STATE,NA,NA,NA,NA,NA,NA,NA,SOUTHWEST,00000000,NA,"FERTILIZER, MIXED","FERTILIZER, MIXED, 11-52-0 - PRICE PAID, MEASURED IN $ / TON",TOTAL,NOT SPECIFIED,682,NA,683.0522915884675
SURVEY,2014,MARKETING YEAR,NA,REGION : MULTI-STATE,NA,NA,NA,NA,NA,NA,NA,SOUTHWEST,00000000,NA,"FERTILIZER, MIXED","FERTILIZER, MIXED, 16-20-0 - PRICE PAID, MEASURED IN $ / TON",TOTAL,NOT SPECIFIED,662,NA,669.164603166274
SURVEY,2013,MARKETING YEAR,NA,REGION : MULTI-STATE,NA,NA,NA,NA,NA,NA,NA,E SOUTH CENTRAL,00000000,NA,"FERTILIZER, MIXED","FERTILIZER, MIXED, 0-18-36 - PRICE PAID, MEASURED IN $ / TON",TOTAL,NOT SPECIFIED,598,NA,599.0492306127242
SURVEY,2013,MARKETING YEAR,NA,REGION : MULTI-STATE,NA,NA,NA,NA,NA,NA,NA,E SOUTH CENTRAL,00000000,NA,"FERTILIZER, MIXED","FERTILIZER, MIXED, 10-10-10 - PRICE PAID, MEASURED IN $ / TON",TOTAL,NOT SPECIFIED,489,NA,489.6903643853063
SURVEY,2013,MARKETING YEAR,NA,REGION : MULTI-STATE,NA,NA,NA,NA,NA,NA,NA,E SOUTH CENTRAL,00000000,NA,"FERTILIZER, MIXED","FERTILIZER, MIXED, 10-34-0 - PRICE PAID, MEASURED IN $ / TON",TOTAL,NOT SPECIFIED,612,NA,615.517595521888
SURVEY,2013,MARKETING YEAR,NA,REGION : MULTI-STATE,NA,NA,NA,NA,NA,NA,NA,E SOUTH CENTRAL,00000000,NA,"FERTILIZER, MIXED","FERTILIZER, MIXED, 13-13-13 - PRICE PAID, MEASURED IN $ / TON",TOTAL,NOT SPECIFIED,584,NA,586.0491476405875
SURVEY,2013,MARKETING YEAR,NA,REGION : MULTI-STATE,NA,NA,NA,NA,NA,NA,NA,E SOUTH CENTRAL,00000000,NA,"FERTILIZER, MIXED","FERTILIZER, MIXED, 17-17-17 - PRICE PAID, MEASURED IN $ / TON",TOTAL,NOT SPECIFIED,605,NA,609.2027736189801
SURVEY,2013,MARKETING YEAR,NA,REGION : MULTI-STATE,NA,NA,NA,NA,NA,NA,NA,E SOUTH CENTRAL,00000000,NA,"FERTILIZER, MIXED","FERTILIZER, MIXED, 18-46-0 (DAP) - PRICE PAID, MEASURED IN $ / TON",TOTAL,NOT SPECIFIED,624,NA,630.4660839533186
SURVEY,2013,MARKETING YEAR,NA,REGION : MULTI-STATE,NA,NA,NA,NA,NA,NA,NA,E SOUTH CENTRAL,00000000,NA,"FERTILIZER, MIXED","FERTILIZER, MIXED, 19-19-19 - PRICE PAID, MEASURED IN $ / TON",TOTAL,NOT SPECIFIED,651,NA,640.930606646652
SURVEY,2013,MARKETING YEAR,NA,REGION : MULTI-STATE,NA,NA,NA,NA,NA,NA,NA,E SOUTH CENTRAL,00000000,NA,"FERTILIZER, MIXED","FERTILIZER, MIXED, 5-20-20 - PRICE PAID, MEASURED IN $ / TON",TOTAL,NOT SPECIFIED,641,NA,648.7921629261346
SURVEY,2013,MARKETING YEAR,NA,REGION : MULTI-STATE,NA,NA,NA,NA,NA,NA,NA,E SOUTH CENTRAL,00000000,NA,"FERTILIZER, MIXED","FERTILIZER, MIXED, 6-24-24 - PRICE PAID, MEASURED IN $ / TON",TOTAL,NOT SPECIFIED,668,NA,662.4382982990236
SURVEY,2013,MARKETING YEAR,NA,REGION : MULTI-STATE,NA,NA,NA,NA,NA,NA,NA,E SOUTH CENTRAL,00000000,NA,"FERTILIZER, MIXED","FERTILIZER, MIXED, 9-23-30 - PRICE PAID, MEASURED IN $ / TON",TOTAL,NOT SPECIFIED,609,NA,604.6939882450079
SURVEY,2013,MARKETING YEAR,NA,REGION : MULTI-STATE,NA,NA,NA,NA,NA,NA,NA,E SOUTH CENTRAL,00000000,NA,"FERTILIZER, OTHER","FERTILIZER, OTHER, LIMESTONE SPREAD - PRICE PAID, MEASURED IN $ / TON",TOTAL,NOT SPECIFIED,46.1,NA,52.394406756310154
SURVEY,2013,MARKETING YEAR,NA,REGION : MULTI-STATE,NA,NA,NA,NA,NA,NA,NA,MOUNTAIN,00000000,NA,"FERTILIZER, MIXED","FERTILIZER, MIXED, 10-34-0 - PRICE PAID, MEASURED IN $ / TON",TOTAL,NOT SPECIFIED,685,NA,689.0210707678118
SURVEY,2013,MARKETING YEAR,NA,REGION : MULTI-STATE,NA,NA,NA,NA,NA,NA,NA,MOUNTAIN,00000000,NA,"FERTILIZER, MIXED","FERTILIZER, MIXED, 11-52-0 - PRICE PAID, MEASURED IN $ / TON",TOTAL,NOT SPECIFIED,683,NA,686.781126682512
SURVEY,2013,MARKETING YEAR,NA,REGION : MULTI-STATE,NA,NA,NA,NA,NA,NA,NA,MOUNTAIN,00000000,NA,"FERTILIZER, MIXED","FERTILIZER, MIXED, 16-20-0 - PRICE PAID, MEASURED IN $ / TON",TOTAL,NOT SPECIFIED,540,NA,537.11595888894
SURVEY,2013,MARKETING YEAR,NA,REGION : MULTI-STATE,NA,NA,NA,NA,NA,NA,NA,MOUNTAIN,00000000,NA,"FERTILIZER, MIXED","FERTILIZER, MIXED, 18-46-0 (DAP) - PRICE PAID, MEASURED IN $ / TON",TOTAL,NOT SPECIFIED,682,NA,677.5460064966616
SURVEY,2013,MARKETING YEAR,NA,REGION : MULTI-STATE,NA,NA,NA,NA,NA,NA,NA,NORTH CENTRAL,00000000,NA,"FERTILIZER, MIXED","FERTILIZER, MIXED, 10-34-0 - PRICE PAID, MEASURED IN $ / TON",TOTAL,NOT SPECIFIED,664,NA,663.0197000711618
SURVEY,2013,MARKETING YEAR,NA,REGION : MULTI-STATE,NA,NA,NA,NA,NA,NA,NA,NORTH CENTRAL,00000000,NA,"FERTILIZER, MIXED","FERTILIZER, MIXED, 11-52-0 - PRICE PAID, MEASURED IN $ / TON",TOTAL,NOT SPECIFIED,656,NA,658.3863898901163
SURVEY,2013,MARKETING YEAR,NA,REGION : MULTI-STATE,NA,NA,NA,NA,NA,NA,NA,NORTH CENTRAL,00000000,NA,"FERTILIZER, MIXED","FERTILIZER, MIXED, 13-13-13 - PRICE PAID, MEASURED IN $ / TON",TOTAL,NOT SPECIFIED,668,NA,666.2576171147111
SURVEY,2013,MARKETING YEAR,NA,REGION : MULTI-STATE,NA,NA,NA,NA,NA,NA,NA,NORTH CENTRAL,00000000,NA,"FERTILIZER, MIXED","FERTILIZER, MIXED, 18-46-0 (DAP) - PRICE PAID, MEASURED IN $ / TON",TOTAL,NOT SPECIFIED,634,NA,639.6590026365095
SURVEY,2013,MARKETING YEAR,NA,REGION : MULTI-STATE,NA,NA,NA,NA,NA,NA,NA,NORTH CENTRAL,00000000,NA,"FERTILIZER, MIXED","FERTILIZER, MIXED, 19-19-19 - PRICE PAID, MEASURED IN $ / TON",TOTAL,NOT SPECIFIED,623,NA,613.5277040459464
SURVEY,2013,MARKETING YEAR,NA,REGION : MULTI-STATE,NA,NA,NA,NA,NA,NA,NA,NORTH CENTRAL,00000000,NA,"FERTILIZER, MIXED","FERTILIZER, MIXED, 3-10-30 - PRICE PAID, MEASURED IN $ / TON",TOTAL,NOT SPECIFIED,504,NA,501.11075430392475
SURVEY,2013,MARKETING YEAR,NA,REGION : MULTI-STATE,NA,NA,NA,NA,NA,NA,NA,NORTH CENTRAL,00000000,NA,"FERTILIZER, MIXED","FERTILIZER, MIXED, 6-24-24 - PRICE PAID, MEASURED IN $ / TON",TOTAL,NOT SPECIFIED,712,NA,707.3171205027529
SURVEY,2013,MARKETING YEAR,NA,REGION : MULTI-STATE,NA,NA,NA,NA,NA,NA,NA,NORTH CENTRAL,00000000,NA,"FERTILIZER, MIXED","FERTILIZER, MIXED, 9-23-30 - PRICE PAID, MEASURED IN $ / TON",TOTAL,NOT SPECIFIED,627,NA,629.2483847536995
SURVEY,2013,MARKETING YEAR,NA,REGION : MULTI-STATE,NA,NA,NA,NA,NA,NA,NA,NORTH CENTRAL,00000000,NA,"FERTILIZER, OTHER","FERTILIZER, OTHER, LIMESTONE SPREAD - PRICE PAID, MEASURED IN $ / TON",TOTAL,NOT SPECIFIED,24.2,NA,30.790998827618104
SURVEY,2013,MARKETING YEAR,NA,REGION : MULTI-STATE,NA,NA,NA,NA,NA,NA,NA,NORTHEAST,00000000,NA,"FERTILIZER, MIXED","FERTILIZER, MIXED, 10-10-10 - PRICE PAID, MEASURED IN $ / TON",TOTAL,NOT SPECIFIED,489,NA,482.474819242155
SURVEY,2013,MARKETING YEAR,NA,REGION : MULTI-STATE,NA,NA,NA,NA,NA,NA,NA,NORTHEAST,00000000,NA,"FERTILIZER, MIXED","FERTILIZER, MIXED, 10-20-20 - PRICE PAID, MEASURED IN $ / TON",TOTAL,NOT SPECIFIED,596,NA,587.7683209896264
SURVEY,2013,MARKETING YEAR,NA,REGION : MULTI-STATE,NA,NA,NA,NA,NA,NA,NA,NORTHEAST,00000000,NA,"FERTILIZER, MIXED","FERTILIZER, MIXED, 10-34-0 - PRICE PAID, MEASURED IN $ / TON",TOTAL,NOT SPECIFIED,628,NA,638.0685311310245
SURVEY,2013,MARKETING YEAR,NA,REGION : MULTI-STATE,NA,NA,NA,NA,NA,NA,NA,NORTHEAST,00000000,NA,"FERTILIZER, MIXED","FERTILIZER, MIXED, 11-52-0 - PRICE PAID, MEASURED IN $ / TON",TOTAL,NOT SPECIFIED,684,NA,688.4069280107464
SURVEY,2013,MARKETING YEAR,NA,REGION : MULTI-STATE,NA,NA,NA,NA,NA,NA,NA,NORTHEAST,00000000,NA,"FERTILIZER, MIXED","FERTILIZER, MIXED, 18-46-0 (DAP) - PRICE PAID, MEASURED IN $ / TON",TOTAL,NOT SPECIFIED,659,NA,665.1153147029999
SURVEY,2013,MARKETING YEAR,NA,REGION : MULTI-STATE,NA,NA,NA,NA,NA,NA,NA,NORTHEAST,00000000,NA,"FERTILIZER, MIXED","FERTILIZER, MIXED, 19-19-19 - PRICE PAID, MEASURED IN $ / TON",TOTAL,NOT SPECIFIED,650,NA,652.4203251876278
SURVEY,2013,MARKETING YEAR,NA,REGION : MULTI-STATE,NA,NA,NA,NA,NA,NA,NA,NORTHEAST,00000000,NA,"FERTILIZER, MIXED","FERTILIZER, MIXED, 6-24-24 - PRICE PAID, MEASURED IN $ / TON",TOTAL,NOT SPECIFIED,629,NA,629.0232901226618
SURVEY,2013,MARKETING YEAR,NA,REGION : MULTI-STATE,NA,NA,NA,NA,NA,NA,NA,NORTHEAST,00000000,NA,"FERTILIZER, OTHER","FERTILIZER, OTHER, LIMESTONE SPREAD - PRICE PAID, MEASURED IN $ / TON",TOTAL,NOT SPECIFIED,127,NA,126.6645995040279
SURVEY,2013,MARKETING YEAR,NA,REGION : MULTI-STATE,NA,NA,NA,NA,NA,NA,NA,NORTHERN PLAINS,00000000,NA,"FERTILIZER, MIXED","FERTILIZER, MIXED, 10-34-0 - PRICE PAID, MEASURED IN $ / TON",TOTAL,NOT SPECIFIED,588,NA,588.4314102227801
SURVEY,2013,MARKETING YEAR,NA,REGION : MULTI-STATE,NA,NA,NA,NA,NA,NA,NA,NORTHERN PLAINS,00000000,NA,"FERTILIZER, MIXED","FERTILIZER, MIXED, 11-52-0 - PRICE PAID, MEASURED IN $ / TON",TOTAL,NOT SPECIFIED,647,NA,649.9206683628302
SURVEY,2013,MARKETING YEAR,NA,REGION : MULTI-STATE,NA,NA,NA,NA,NA,NA,NA,NORTHERN PLAINS,00000000,NA,"FERTILIZER, MIXED","FERTILIZER, MIXED, 16-20-0 - PRICE PAID, MEASURED IN $ / TON",TOTAL,NOT SPECIFIED,NA,NA,NaN
SURVEY,2013,MARKETING YEAR,NA,REGION : MULTI-STATE,NA,NA,NA,NA,NA,NA,NA,NORTHERN PLAINS,00000000,NA,"FERTILIZER, MIXED","FERTILIZER, MIXED, 18-46-0 (DAP) - PRICE PAID, MEASURED IN $ / TON",TOTAL,NOT SPECIFIED,633,NA,630.0468502591741
SURVEY,2013,MARKETING YEAR,NA,REGION : MULTI-STATE,NA,NA,NA,NA,NA,NA,NA,NORTHWEST,00000000,NA,"FERTILIZER, MIXED","FERTILIZER, MIXED, 10-34-0 - PRICE PAID, MEASURED IN $ / TON",TOTAL,NOT SPECIFIED,643,NA,645.7440017924956
SURVEY,2013,MARKETING YEAR,NA,REGION : MULTI-STATE,NA,NA,NA,NA,NA,NA,NA,NORTHWEST,00000000,NA,"FERTILIZER, MIXED","FERTILIZER, MIXED, 11-52-0 - PRICE PAID, MEASURED IN $ / TON",TOTAL,NOT SPECIFIED,749,NA,745.2454368860269
SURVEY,2013,MARKETING YEAR,NA,REGION : MULTI-STATE,NA,NA,NA,NA,NA,NA,NA,NORTHWEST,00000000,NA,"FERTILIZER, MIXED","FERTILIZER, MIXED, 16-20-0 - PRICE PAID, MEASURED IN $ / TON",TOTAL,NOT SPECIFIED,641,NA,640.7703268353698
SURVEY,2013,MARKETING YEAR,NA,REGION : MULTI-STATE,NA,NA,NA,NA,NA,NA,NA,NORTHWEST,00000000,NA,"FERTILIZER, MIXED","FERTILIZER, MIXED, 18-46-0 (DAP) - PRICE PAID, MEASURED IN $ / TON",TOTAL,NOT SPECIFIED,804,NA,801.3765619753464
SURVEY,2013,MARKETING YEAR,NA,REGION : MULTI-STATE,NA,NA,NA,NA,NA,NA,NA,SOUTH CENTRAL,00000000,NA,"FERTILIZER, MIXED","FERTILIZER, MIXED, 0-18-36 - PRICE PAID, MEASURED IN $ / TON",TOTAL,NOT SPECIFIED,591,NA,583.6319989258982
SURVEY,2013,MARKETING YEAR,NA,REGION : MULTI-STATE,NA,NA,NA,NA,NA,NA,NA,SOUTH CENTRAL,00000000,NA,"FERTILIZER, MIXED","FERTILIZER, MIXED, 10-34-0 - PRICE PAID, MEASURED IN $ / TON",TOTAL,NOT SPECIFIED,588,NA,581.5163595095468
SURVEY,2013,MARKETING YEAR,NA,REGION : MULTI-STATE,NA,NA,NA,NA,NA,NA,NA,SOUTH CENTRAL,00000000,NA,"FERTILIZER, MIXED","FERTILIZER, MIXED, 11-52-0 - PRICE PAID, MEASURED IN $ / TON",TOTAL,NOT SPECIFIED,661,NA,666.9502795691274
SURVEY,2013,MARKETING YEAR,NA,REGION : MULTI-STATE,NA,NA,NA,NA,NA,NA,NA,SOUTH CENTRAL,00000000,NA,"FERTILIZER, MIXED","FERTILIZER, MIXED, 13-13-13 - PRICE PAID, MEASURED IN $ / TON",TOTAL,NOT SPECIFIED,637,NA,633.1497557394528
SURVEY,2013,MARKETING YEAR,NA,REGION : MULTI-STATE,NA,NA,NA,NA,NA,NA,NA,SOUTH CENTRAL,00000000,NA,"FERTILIZER, MIXED","FERTILIZER, MIXED, 16-20-0 - PRICE PAID, MEASURED IN $ / TON",TOTAL,NOT SPECIFIED,500,NA,497.768792957488
SURVEY,2013,MARKETING YEAR,NA,REGION : MULTI-STATE,NA,NA,NA,NA,NA,NA,NA,SOUTH CENTRAL,00000000,NA,"FERTILIZER, MIXED","FERTILIZER, MIXED, 16-6-12 - PRICE PAID, MEASURED IN $ / TON",TOTAL,NOT SPECIFIED,529,NA,534.0147261987585
SURVEY,2013,MARKETING YEAR,NA,REGION : MULTI-STATE,NA,NA,NA,NA,NA,NA,NA,SOUTH CENTRAL,00000000,NA,"FERTILIZER, MIXED","FERTILIZER, MIXED, 17-17-17 - PRICE PAID, MEASURED IN $ / TON",TOTAL,NOT SPECIFIED,600,NA,598.5623870112024
SURVEY,2013,MARKETING YEAR,NA,REGION : MULTI-STATE,NA,NA,NA,NA,NA,NA,NA,SOUTH CENTRAL,00000000,NA,"FERTILIZER, MIXED","FERTILIZER, MIXED, 18-46-0 (DAP) - PRICE PAID, MEASURED IN $ / TON",TOTAL,NOT SPECIFIED,682,NA,681.037998525057
SURVEY,2013,MARKETING YEAR,NA,REGION : MULTI-STATE,NA,NA,NA,NA,NA,NA,NA,SOUTH CENTRAL,00000000,NA,"FERTILIZER, MIXED","FERTILIZER, MIXED, 19-19-19 - PRICE PAID, MEASURED IN $ / TON",TOTAL,NOT SPECIFIED,685,NA,692.7411865696125
SURVEY,2013,MARKETING YEAR,NA,REGION : MULTI-STATE,NA,NA,NA,NA,NA,NA,NA,SOUTH CENTRAL,00000000,NA,"FERTILIZER, MIXED","FERTILIZER, MIXED, 24-8-0 - PRICE PAID, MEASURED IN $ / TON",TOTAL,NOT SPECIFIED,427,NA,433.25793702941314
SURVEY,2013,MARKETING YEAR,NA,REGION : MULTI-STATE,NA,NA,NA,NA,NA,NA,NA,SOUTH CENTRAL,00000000,NA,"FERTILIZER, OTHER","FERTILIZER, OTHER, LIMESTONE SPREAD - PRICE PAID, MEASURED IN $ / TON",TOTAL,NOT SPECIFIED,95.7,NA,100.49080607113386
SURVEY,2013,MARKETING YEAR,NA,REGION : MULTI-STATE,NA,NA,NA,NA,NA,NA,NA,SOUTHEAST,00000000,NA,"FERTILIZER, MIXED","FERTILIZER, MIXED, 10-10-10 - PRICE PAID, MEASURED IN $ / TON",TOTAL,NOT SPECIFIED,554,NA,557.7283124180104
SURVEY,2013,MARKETING YEAR,NA,REGION : MULTI-STATE,NA,NA,NA,NA,NA,NA,NA,SOUTHEAST,00000000,NA,"FERTILIZER, MIXED","FERTILIZER, MIXED, 10-20-20 - PRICE PAID, MEASURED IN $ / TON",TOTAL,NOT SPECIFIED,636,NA,639.27672222937
SURVEY,2013,MARKETING YEAR,NA,REGION : MULTI-STATE,NA,NA,NA,NA,NA,NA,NA,SOUTHEAST,00000000,NA,"FERTILIZER, MIXED","FERTILIZER, MIXED, 16-4-8 - PRICE PAID, MEASURED IN $ / TON",TOTAL,NOT SPECIFIED,593,NA,592.49716956893
SURVEY,2013,MARKETING YEAR,NA,REGION : MULTI-STATE,NA,NA,NA,NA,NA,NA,NA,SOUTHEAST,00000000,NA,"FERTILIZER, MIXED","FERTILIZER, MIXED, 17-17-17 - PRICE PAID, MEASURED IN $ / TON",TOTAL,NOT SPECIFIED,655,NA,657.2342927723599
SURVEY,2013,MARKETING YEAR,NA,REGION : MULTI-STATE,NA,NA,NA,NA,NA,NA,NA,SOUTHEAST,00000000,NA,"FERTILIZER, MIXED","FERTILIZER, MIXED, 18-46-0 (DAP) - PRICE PAID, MEASURED IN $ / TON",TOTAL,NOT SPECIFIED,660,NA,663.312091653437
SURVEY,2013,MARKETING YEAR,NA,REGION : MULTI-STATE,NA,NA,NA,NA,NA,NA,NA,SOUTHEAST,00000000,NA,"FERTILIZER, MIXED","FERTILIZER, MIXED, 5-10-30 - PRICE PAID, MEASURED IN $ / TON",TOTAL,NOT SPECIFIED,596,NA,597.4574749016685
SURVEY,2013,MARKETING YEAR,NA,REGION : MULTI-STATE,NA,NA,NA,NA,NA,NA,NA,SOUTHEAST,00000000,NA,"FERTILIZER, MIXED","FERTILIZER, MIXED, 5-20-20 - PRICE PAID, MEASURED IN $ / TON",TOTAL,NOT SPECIFIED,538,NA,536.073304390227
SURVEY,2013,MARKETING YEAR,NA,REGION : MULTI-STATE,NA,NA,NA,NA,NA,NA,NA,SOUTHEAST,00000000,NA,"FERTILIZER, MIXED","FERTILIZER, MIXED, 6-6-18 - PRICE PAID, MEASURED IN $ / TON",TOTAL,NOT SPECIFIED,571,NA,575.5227053313243
SURVEY,2013,MARKETING YEAR,NA,REGION : MULTI-STATE,NA,NA,NA,NA,NA,NA,NA,SOUTHEAST,00000000,NA,"FERTILIZER, OTHER","FERTILIZER, OTHER, LIMESTONE SPREAD - PRICE PAID, MEASURED IN $ / TON",TOTAL,NOT SPECIFIED,136,NA,140.95044107811523
SURVEY,2013,MARKETING YEAR,NA,REGION : MULTI-STATE,NA,NA,NA,NA,NA,NA,NA,SOUTHWEST,00000000,NA,"FERTILIZER, MIXED","FERTILIZER, MIXED, 10-34-0 - PRICE PAID, MEASURED IN $ / TON",TOTAL,NOT SPECIFIED,644,NA,647.249291374363
SURVEY,2013,MARKETING YEAR,NA,REGION : MULTI-STATE,NA,NA,NA,NA,NA,NA,NA,SOUTHWEST,00000000,NA,"FERTILIZER, MIXED","FERTILIZER, MIXED, 11-52-0 - PRICE PAID, MEASURED IN $ / TON",TOTAL,NOT SPECIFIED,838,NA,845.7898270003164
SURVEY,2013,MARKETING YEAR,NA,REGION : MULTI-STATE,NA,NA,NA,NA,NA,NA,NA,SOUTHWEST,00000000,NA,"FERTILIZER, MIXED","FERTILIZER, MIXED, 16-20-0 - PRICE PAID, MEASURED IN $ / TON",TOTAL,NOT SPECIFIED,759,NA,768.9187766036054
SURVEY,2013,MARKETING YEAR,NA,REGION : MULTI-STATE,NA,NA,NA,NA,NA,NA,NA,SOUTHWEST,00000000,NA,"FERTILIZER, MIXED","FERTILIZER, MIXED, 18-46-0 (DAP) - PRICE PAID, MEASURED IN $ / TON",TOTAL,NOT SPECIFIED,NA,NA,NaN
SURVEY,2012,MARKETING YEAR,NA,REGION : MULTI-STATE,NA,NA,NA,NA,NA,NA,NA,E SOUTH CENTRAL,00000000,NA,"FERTILIZER, MIXED","FERTILIZER, MIXED, 0-18-36 - PRICE PAID, MEASURED IN $ / TON",TOTAL,NOT SPECIFIED,618,NA,619.7885663354502
SURVEY,2012,MARKETING YEAR,NA,REGION : MULTI-STATE,NA,NA,NA,NA,NA,NA,NA,E SOUTH CENTRAL,00000000,NA,"FERTILIZER, MIXED","FERTILIZER, MIXED, 10-10-10 - PRICE PAID, MEASURED IN $ / TON",TOTAL,NOT SPECIFIED,449,NA,444.0968677246728
SURVEY,2012,MARKETING YEAR,NA,REGION : MULTI-STATE,NA,NA,NA,NA,NA,NA,NA,E SOUTH CENTRAL,00000000,NA,"FERTILIZER, MIXED","FERTILIZER, MIXED, 10-34-0 - PRICE PAID, MEASURED IN $ / TON",TOTAL,NOT SPECIFIED,550,NA,550.7277403240915
SURVEY,2012,MARKETING YEAR,NA,REGION : MULTI-STATE,NA,NA,NA,NA,NA,NA,NA,E SOUTH CENTRAL,00000000,NA,"FERTILIZER, MIXED","FERTILIZER, MIXED, 13-13-13 - PRICE PAID, MEASURED IN $ / TON",TOTAL,NOT SPECIFIED,559,NA,549.9810131737593
SURVEY,2012,MARKETING YEAR,NA,REGION : MULTI-STATE,NA,NA,NA,NA,NA,NA,NA,E SOUTH CENTRAL,00000000,NA,"FERTILIZER, MIXED","FERTILIZER, MIXED, 17-17-17 - PRICE PAID, MEASURED IN $ / TON",TOTAL,NOT SPECIFIED,608,NA,613.4134093592014
SURVEY,2012,MARKETING YEAR,NA,REGION : MULTI-STATE,NA,NA,NA,NA,NA,NA,NA,E SOUTH CENTRAL,00000000,NA,"FERTILIZER, MIXED","FERTILIZER, MIXED, 18-46-0 (DAP) - PRICE PAID, MEASURED IN $ / TON",TOTAL,NOT SPECIFIED,705,NA,704.2379348058005
SURVEY,2012,MARKETING YEAR,NA,REGION : MULTI-STATE,NA,NA,NA,NA,NA,NA,NA,E SOUTH CENTRAL,00000000,NA,"FERTILIZER, MIXED","FERTILIZER, MIXED, 19-19-19 - PRICE PAID, MEASURED IN $ / TON",TOTAL,NOT SPECIFIED,701,NA,706.53639407057085
SURVEY,2012,MARKETING YEAR,NA,REGION : MULTI-STATE,NA,NA,NA,NA,NA,NA,NA,E SOUTH CENTRAL,00000000,NA,"FERTILIZER, MIXED","FERTILIZER, MIXED, 5-20-20 - PRICE PAID, MEASURED IN $ / TON",TOTAL,NOT SPECIFIED,605,NA,602.8043240103643
SURVEY,2012,MARKETING YEAR,NA,REGION : MULTI-STATE,NA,NA,NA,NA,NA,NA,NA,E SOUTH CENTRAL,00000000,NA,"FERTILIZER, MIXED","FERTILIZER, MIXED, 6-24-24 - PRICE PAID, MEASURED IN $ / TON",TOTAL,NOT SPECIFIED,658,NA,658.050046161625
SURVEY,2012,MARKETING YEAR,NA,REGION : MULTI-STATE,NA,NA,NA,NA,NA,NA,NA,E SOUTH CENTRAL,00000000,NA,"FERTILIZER, MIXED","FERTILIZER, MIXED, 9-23-30 - PRICE PAID, MEASURED IN $ / TON",TOTAL,NOT SPECIFIED,657,NA,666.449022429087
SURVEY,2012,MARKETING YEAR,NA,REGION : MULTI-STATE,NA,NA,NA,NA,NA,NA,NA,E SOUTH CENTRAL,00000000,NA,"FERTILIZER, OTHER","FERTILIZER, OTHER, LIMESTONE SPREAD - PRICE PAID, MEASURED IN $ / TON",TOTAL,NOT SPECIFIED,67.5,NA,61.30779590853003
SURVEY,2012,MARKETING YEAR,NA,REGION : MULTI-STATE,NA,NA,NA,NA,NA,NA,NA,MOUNTAIN,00000000,NA,"FERTILIZER, MIXED","FERTILIZER, MIXED, 10-34-0 - PRICE PAID, MEASURED IN $ / TON",TOTAL,NOT SPECIFIED,735,NA,738.345274966372
SURVEY,2012,MARKETING YEAR,NA,REGION : MULTI-STATE,NA,NA,NA,NA,NA,NA,NA,MOUNTAIN,00000000,NA,"FERTILIZER, MIXED","FERTILIZER, MIXED, 11-52-0 - PRICE PAID, MEASURED IN $ / TON",TOTAL,NOT SPECIFIED,727,NA,727.6532713285724
SURVEY,2012,MARKETING YEAR,NA,REGION : MULTI-STATE,NA,NA,NA,NA,NA,NA,NA,MOUNTAIN,00000000,NA,"FERTILIZER, MIXED","FERTILIZER, MIXED, 16-20-0 - PRICE PAID, MEASURED IN $ / TON",TOTAL,NOT SPECIFIED,559,NA,562.4720815682285
SURVEY,2012,MARKETING YEAR,NA,REGION : MULTI-STATE,NA,NA,NA,NA,NA,NA,NA,MOUNTAIN,00000000,NA,"FERTILIZER, MIXED","FERTILIZER, MIXED, 18-46-0 (DAP) - PRICE PAID, MEASURED IN $ / TON",TOTAL,NOT SPECIFIED,753,NA,753.0672073745334
SURVEY,2012,MARKETING YEAR,NA,REGION : MULTI-STATE,NA,NA,NA,NA,NA,NA,NA,NORTH CENTRAL,00000000,NA,"FERTILIZER, MIXED","FERTILIZER, MIXED, 10-34-0 - PRICE PAID, MEASURED IN $ / TON",TOTAL,NOT SPECIFIED,653,NA,657.9282917593447
SURVEY,2012,MARKETING YEAR,NA,REGION : MULTI-STATE,NA,NA,NA,NA,NA,NA,NA,NORTH CENTRAL,00000000,NA,"FERTILIZER, MIXED","FERTILIZER, MIXED, 11-52-0 - PRICE PAID, MEASURED IN $ / TON",TOTAL,NOT SPECIFIED,734,NA,738.3069556295485
SURVEY,2012,MARKETING YEAR,NA,REGION : MULTI-STATE,NA,NA,NA,NA,NA,NA,NA,NORTH CENTRAL,00000000,NA,"FERTILIZER, MIXED","FERTILIZER, MIXED, 13-13-13 - PRICE PAID, MEASURED IN $ / TON",TOTAL,NOT SPECIFIED,621,NA,617.20825862216
SURVEY,2012,MARKETING YEAR,NA,REGION : MULTI-STATE,NA,NA,NA,NA,NA,NA,NA,NORTH CENTRAL,00000000,NA,"FERTILIZER, MIXED","FERTILIZER, MIXED, 18-46-0 (DAP) - PRICE PAID, MEASURED IN $ / TON",TOTAL,NOT SPECIFIED,721,NA,721.218202925996
SURVEY,2012,MARKETING YEAR,NA,REGION : MULTI-STATE,NA,NA,NA,NA,NA,NA,NA,NORTH CENTRAL,00000000,NA,"FERTILIZER, MIXED","FERTILIZER, MIXED, 19-19-19 - PRICE PAID, MEASURED IN $ / TON",TOTAL,NOT SPECIFIED,660,NA,661.0148715080973
SURVEY,2012,MARKETING YEAR,NA,REGION : MULTI-STATE,NA,NA,NA,NA,NA,NA,NA,NORTH CENTRAL,00000000,NA,"FERTILIZER, MIXED","FERTILIZER, MIXED, 3-10-30 - PRICE PAID, MEASURED IN $ / TON",TOTAL,NOT SPECIFIED,515,NA,523.5397725091055
SURVEY,2012,MARKETING YEAR,NA,REGION : MULTI-STATE,NA,NA,NA,NA,NA,NA,NA,NORTH CENTRAL,00000000,NA,"FERTILIZER, MIXED","FERTILIZER, MIXED, 6-24-24 - PRICE PAID, MEASURED IN $ / TON",TOTAL,NOT SPECIFIED,696,NA,696.3412955051728
SURVEY,2012,MARKETING YEAR,NA,REGION : MULTI-STATE,NA,NA,NA,NA,NA,NA,NA,NORTH CENTRAL,00000000,NA,"FERTILIZER, MIXED","FERTILIZER, MIXED, 9-23-30 - PRICE PAID, MEASURED IN $ / TON",TOTAL,NOT SPECIFIED,658,NA,658.2015451089221
SURVEY,2012,MARKETING YEAR,NA,REGION : MULTI-STATE,NA,NA,NA,NA,NA,NA,NA,NORTH CENTRAL,00000000,NA,"FERTILIZER, OTHER","FERTILIZER, OTHER, LIMESTONE SPREAD - PRICE PAID, MEASURED IN $ / TON",TOTAL,NOT SPECIFIED,23.7,NA,26.60425036072273
SURVEY,2012,MARKETING YEAR,NA,REGION : MULTI-STATE,NA,NA,NA,NA,NA,NA,NA,NORTHEAST,00000000,NA,"FERTILIZER, MIXED","FERTILIZER, MIXED, 10-10-10 - PRICE PAID, MEASURED IN $ / TON",TOTAL,NOT SPECIFIED,497,NA,501.6685575950062
SURVEY,2012,MARKETING YEAR,NA,REGION : MULTI-STATE,NA,NA,NA,NA,NA,NA,NA,NORTHEAST,00000000,NA,"FERTILIZER, MIXED","FERTILIZER, MIXED, 10-20-20 - PRICE PAID, MEASURED IN $ / TON",TOTAL,NOT SPECIFIED,641,NA,638.24123788565
SURVEY,2012,MARKETING YEAR,NA,REGION : MULTI-STATE,NA,NA,NA,NA,NA,NA,NA,NORTHEAST,00000000,NA,"FERTILIZER, MIXED","FERTILIZER, MIXED, 10-34-0 - PRICE PAID, MEASURED IN $ / TON",TOTAL,NOT SPECIFIED,618,NA,612.4088233496993
SURVEY,2012,MARKETING YEAR,NA,REGION : MULTI-STATE,NA,NA,NA,NA,NA,NA,NA,NORTHEAST,00000000,NA,"FERTILIZER, MIXED","FERTILIZER, MIXED, 11-52-0 - PRICE PAID, MEASURED IN $ / TON",TOTAL,NOT SPECIFIED,750,NA,755.4317749787722
SURVEY,2012,MARKETING YEAR,NA,REGION : MULTI-STATE,NA,NA,NA,NA,NA,NA,NA,NORTHEAST,00000000,NA,"FERTILIZER, MIXED","FERTILIZER, MIXED, 18-46-0 (DAP) - PRICE PAID, MEASURED IN $ / TON",TOTAL,NOT SPECIFIED,741,NA,745.4457487695344
SURVEY,2012,MARKETING YEAR,NA,REGION : MULTI-STATE,NA,NA,NA,NA,NA,NA,NA,NORTHEAST,00000000,NA,"FERTILIZER, MIXED","FERTILIZER, MIXED, 19-19-19 - PRICE PAID, MEASURED IN $ / TON",TOTAL,NOT SPECIFIED,676,NA,671.0136428918507
SURVEY,2012,MARKETING YEAR,NA,REGION : MULTI-STATE,NA,NA,NA,NA,NA,NA,NA,NORTHEAST,00000000,NA,"FERTILIZER, MIXED","FERTILIZER, MIXED, 6-24-24 - PRICE PAID, MEASURED IN $ / TON",TOTAL,NOT SPECIFIED,660,NA,656.1542148089941
SURVEY,2012,MARKETING YEAR,NA,REGION : MULTI-STATE,NA,NA,NA,NA,NA,NA,NA,NORTHEAST,00000000,NA,"FERTILIZER, OTHER","FERTILIZER, OTHER, LIMESTONE SPREAD - PRICE PAID, MEASURED IN $ / TON",TOTAL,NOT SPECIFIED,92.7,NA,89.60581138833507
SURVEY,2012,MARKETING YEAR,NA,REGION : MULTI-STATE,NA,NA,NA,NA,NA,NA,NA,NORTHERN PLAINS,00000000,NA,"FERTILIZER, MIXED","FERTILIZER, MIXED, 10-34-0 - PRICE PAID, MEASURED IN $ / TON",TOTAL,NOT SPECIFIED,766,NA,760.7311013189878
SURVEY,2012,MARKETING YEAR,NA,REGION : MULTI-STATE,NA,NA,NA,NA,NA,NA,NA,NORTHERN PLAINS,00000000,NA,"FERTILIZER, MIXED","FERTILIZER, MIXED, 11-52-0 - PRICE PAID, MEASURED IN $ / TON",TOTAL,NOT SPECIFIED,738,NA,747.6727658802201
SURVEY,2012,MARKETING YEAR,NA,REGION : MULTI-STATE,NA,NA,NA,NA,NA,NA,NA,NORTHERN PLAINS,00000000,NA,"FERTILIZER, MIXED","FERTILIZER, MIXED, 16-20-0 - PRICE PAID, MEASURED IN $ / TON",TOTAL,NOT SPECIFIED,NA,NA,NaN
SURVEY,2012,MARKETING YEAR,NA,REGION : MULTI-STATE,NA,NA,NA,NA,NA,NA,NA,NORTHERN PLAINS,00000000,NA,"FERTILIZER, MIXED","FERTILIZER, MIXED, 18-46-0 (DAP) - PRICE PAID, MEASURED IN $ / TON",TOTAL,NOT SPECIFIED,726,NA,729.157480331424
SURVEY,2012,MARKETING YEAR,NA,REGION : MULTI-STATE,NA,NA,NA,NA,NA,NA,NA,NORTHWEST,00000000,NA,"FERTILIZER, MIXED","FERTILIZER, MIXED, 10-34-0 - PRICE PAID, MEASURED IN $ / TON",TOTAL,NOT SPECIFIED,696,NA,696.3213732578675
SURVEY,2012,MARKETING YEAR,NA,REGION : MULTI-STATE,NA,NA,NA,NA,NA,NA,NA,NORTHWEST,00000000,NA,"FERTILIZER, MIXED","FERTILIZER, MIXED, 11-52-0 - PRICE PAID, MEASURED IN $ / TON",TOTAL,NOT SPECIFIED,830,NA,831.7414793850693
SURVEY,2012,MARKETING YEAR,NA,REGION : MULTI-STATE,NA,NA,NA,NA,NA,NA,NA,NORTHWEST,00000000,NA,"FERTILIZER, MIXED","FERTILIZER, MIXED, 16-20-0 - PRICE PAID, MEASURED IN $ / TON",TOTAL,NOT SPECIFIED,601,NA,604.5690670765043
SURVEY,2012,MARKETING YEAR,NA,REGION : MULTI-STATE,NA,NA,NA,NA,NA,NA,NA,NORTHWEST,00000000,NA,"FERTILIZER, MIXED","FERTILIZER, MIXED, 18-46-0 (DAP) - PRICE PAID, MEASURED IN $ / TON",TOTAL,NOT SPECIFIED,895,NA,898.2465440284676
SURVEY,2012,MARKETING YEAR,NA,REGION : MULTI-STATE,NA,NA,NA,NA,NA,NA,NA,SOUTH CENTRAL,00000000,NA,"FERTILIZER, MIXED","FERTILIZER, MIXED, 0-18-36 - PRICE PAID, MEASURED IN $ / TON",TOTAL,NOT SPECIFIED,592,NA,589.1648831952107
SURVEY,2012,MARKETING YEAR,NA,REGION : MULTI-STATE,NA,NA,NA,NA,NA,NA,NA,SOUTH CENTRAL,00000000,NA,"FERTILIZER, MIXED","FERTILIZER, MIXED, 10-34-0 - PRICE PAID, MEASURED IN $ / TON",TOTAL,NOT SPECIFIED,664,NA,663.9513424901046
SURVEY,2012,MARKETING YEAR,NA,REGION : MULTI-STATE,NA,NA,NA,NA,NA,NA,NA,SOUTH CENTRAL,00000000,NA,"FERTILIZER, MIXED","FERTILIZER, MIXED, 11-52-0 - PRICE PAID, MEASURED IN $ / TON",TOTAL,NOT SPECIFIED,736,NA,739.9044759444686
SURVEY,2012,MARKETING YEAR,NA,REGION : MULTI-STATE,NA,NA,NA,NA,NA,NA,NA,SOUTH CENTRAL,00000000,NA,"FERTILIZER, MIXED","FERTILIZER, MIXED, 13-13-13 - PRICE PAID, MEASURED IN $ / TON",TOTAL,NOT SPECIFIED,565,NA,560.8494956605318
SURVEY,2012,MARKETING YEAR,NA,REGION : MULTI-STATE,NA,NA,NA,NA,NA,NA,NA,SOUTH CENTRAL,00000000,NA,"FERTILIZER, MIXED","FERTILIZER, MIXED, 16-20-0 - PRICE PAID, MEASURED IN $ / TON",TOTAL,NOT SPECIFIED,515,NA,512.2452769506658
SURVEY,2012,MARKETING YEAR,NA,REGION : MULTI-STATE,NA,NA,NA,NA,NA,NA,NA,SOUTH CENTRAL,00000000,NA,"FERTILIZER, MIXED","FERTILIZER, MIXED, 16-6-12 - PRICE PAID, MEASURED IN $ / TON",TOTAL,NOT SPECIFIED,494,NA,492.19409525057984
SURVEY,2012,MARKETING YEAR,NA,REGION : MULTI-STATE,NA,NA,NA,NA,NA,NA,NA,SOUTH CENTRAL,00000000,NA,"FERTILIZER, MIXED","FERTILIZER, MIXED, 17-17-17 - PRICE PAID, MEASURED IN $ / TON",TOTAL,NOT SPECIFIED,609,NA,606.3060134691128
SURVEY,2012,MARKETING YEAR,NA,REGION : MULTI-STATE,NA,NA,NA,NA,NA,NA,NA,SOUTH CENTRAL,00000000,NA,"FERTILIZER, MIXED","FERTILIZER, MIXED, 18-46-0 (DAP) - PRICE PAID, MEASURED IN $ / TON",TOTAL,NOT SPECIFIED,717,NA,716.4912426183847
SURVEY,2012,MARKETING YEAR,NA,REGION : MULTI-STATE,NA,NA,NA,NA,NA,NA,NA,SOUTH CENTRAL,00000000,NA,"FERTILIZER, MIXED","FERTILIZER, MIXED, 19-19-19 - PRICE PAID, MEASURED IN $ / TON",TOTAL,NOT SPECIFIED,648,NA,646.1649908741182
SURVEY,2012,MARKETING YEAR,NA,REGION : MULTI-STATE,NA,NA,NA,NA,NA,NA,NA,SOUTH CENTRAL,00000000,NA,"FERTILIZER, MIXED","FERTILIZER, MIXED, 24-8-0 - PRICE PAID, MEASURED IN $ / TON",TOTAL,NOT SPECIFIED,429,NA,421.7151331986377
SURVEY,2012,MARKETING YEAR,NA,REGION : MULTI-STATE,NA,NA,NA,NA,NA,NA,NA,SOUTH CENTRAL,00000000,NA,"FERTILIZER, OTHER","FERTILIZER, OTHER, LIMESTONE SPREAD - PRICE PAID, MEASURED IN $ / TON",TOTAL,NOT SPECIFIED,80.3,NA,80.21228289570888
SURVEY,2012,MARKETING YEAR,NA,REGION : MULTI-STATE,NA,NA,NA,NA,NA,NA,NA,SOUTHEAST,00000000,NA,"FERTILIZER, MIXED","FERTILIZER, MIXED, 10-10-10 - PRICE PAID, MEASURED IN $ / TON",TOTAL,NOT SPECIFIED,512,NA,519.3902921425339
SURVEY,2012,MARKETING YEAR,NA,REGION : MULTI-STATE,NA,NA,NA,NA,NA,NA,NA,SOUTHEAST,00000000,NA,"FERTILIZER, MIXED","FERTILIZER, MIXED, 10-20-20 - PRICE PAID, MEASURED IN $ / TON",TOTAL,NOT SPECIFIED,645,NA,652.9075487761882
SURVEY,2012,MARKETING YEAR,NA,REGION : MULTI-STATE,NA,NA,NA,NA,NA,NA,NA,SOUTHEAST,00000000,NA,"FERTILIZER, MIXED","FERTILIZER, MIXED, 16-4-8 - PRICE PAID, MEASURED IN $ / TON",TOTAL,NOT SPECIFIED,567,NA,565.1837236025918
SURVEY,2012,MARKETING YEAR,NA,REGION : MULTI-STATE,NA,NA,NA,NA,NA,NA,NA,SOUTHEAST,00000000,NA,"FERTILIZER, MIXED","FERTILIZER, MIXED, 17-17-17 - PRICE PAID, MEASURED IN $ / TON",TOTAL,NOT SPECIFIED,657,NA,660.8325825393854
SURVEY,2012,MARKETING YEAR,NA,REGION : MULTI-STATE,NA,NA,NA,NA,NA,NA,NA,SOUTHEAST,00000000,NA,"FERTILIZER, MIXED","FERTILIZER, MIXED, 18-46-0 (DAP) - PRICE PAID, MEASURED IN $ / TON",TOTAL,NOT SPECIFIED,757,NA,752.2978624936284
SURVEY,2012,MARKETING YEAR,NA,REGION : MULTI-STATE,NA,NA,NA,NA,NA,NA,NA,SOUTHEAST,00000000,NA,"FERTILIZER, MIXED","FERTILIZER, MIXED, 5-10-30 - PRICE PAID, MEASURED IN $ / TON",TOTAL,NOT SPECIFIED,562,NA,562.3521161406584
SURVEY,2012,MARKETING YEAR,NA,REGION : MULTI-STATE,NA,NA,NA,NA,NA,NA,NA,SOUTHEAST,00000000,NA,"FERTILIZER, MIXED","FERTILIZER, MIXED, 5-20-20 - PRICE PAID, MEASURED IN $ / TON",TOTAL,NOT SPECIFIED,562,NA,557.6389539397044
SURVEY,2012,MARKETING YEAR,NA,REGION : MULTI-STATE,NA,NA,NA,NA,NA,NA,NA,SOUTHEAST,00000000,NA,"FERTILIZER, MIXED","FERTILIZER, MIXED, 6-6-18 - PRICE PAID, MEASURED IN $ / TON",TOTAL,NOT SPECIFIED,548,NA,538.6452214130401
SURVEY,2012,MARKETING YEAR,NA,REGION : MULTI-STATE,NA,NA,NA,NA,NA,NA,NA,SOUTHEAST,00000000,NA,"FERTILIZER, OTHER","FERTILIZER, OTHER, LIMESTONE SPREAD - PRICE PAID, MEASURED IN $ / TON",TOTAL,NOT SPECIFIED,97.4,NA,96.59763860220798
SURVEY,2012,MARKETING YEAR,NA,REGION : MULTI-STATE,NA,NA,NA,NA,NA,NA,NA,SOUTHWEST,00000000,NA,"FERTILIZER, MIXED","FERTILIZER, MIXED, 10-34-0 - PRICE PAID, MEASURED IN $ / TON",TOTAL,NOT SPECIFIED,692,NA,688.4355101209386
SURVEY,2012,MARKETING YEAR,NA,REGION : MULTI-STATE,NA,NA,NA,NA,NA,NA,NA,SOUTHWEST,00000000,NA,"FERTILIZER, MIXED","FERTILIZER, MIXED, 11-52-0 - PRICE PAID, MEASURED IN $ / TON",TOTAL,NOT SPECIFIED,855,NA,860.2906707688826
SURVEY,2012,MARKETING YEAR,NA,REGION : MULTI-STATE,NA,NA,NA,NA,NA,NA,NA,SOUTHWEST,00000000,NA,"FERTILIZER, MIXED","FERTILIZER, MIXED, 16-20-0 - PRICE PAID, MEASURED IN $ / TON",TOTAL,NOT SPECIFIED,685,NA,684.4607462533836
SURVEY,2012,MARKETING YEAR,NA,REGION : MULTI-STATE,NA,NA,NA,NA,NA,NA,NA,SOUTHWEST,00000000,NA,"FERTILIZER, MIXED","FERTILIZER, MIXED, 18-46-0 (DAP) - PRICE PAID, MEASURED IN $ / TON",TOTAL,NOT SPECIFIED,814,NA,810.4572258991836
SURVEY,2011,MARKETING YEAR,NA,REGION : MULTI-STATE,NA,NA,NA,NA,NA,NA,NA,E SOUTH CENTRAL,00000000,NA,"FERTILIZER, MIXED","FERTILIZER, MIXED, 0-18-36 - PRICE PAID, MEASURED IN $ / TON",TOTAL,NOT SPECIFIED,591,NA,582.0175332303509
SURVEY,2011,MARKETING YEAR,NA,REGION : MULTI-STATE,NA,NA,NA,NA,NA,NA,NA,E SOUTH CENTRAL,00000000,NA,"FERTILIZER, MIXED","FERTILIZER, MIXED, 10-10-10 - PRICE PAID, MEASURED IN $ / TON",TOTAL,NOT SPECIFIED,428,NA,431.3008490065385
SURVEY,2011,MARKETING YEAR,NA,REGION : MULTI-STATE,NA,NA,NA,NA,NA,NA,NA,E SOUTH CENTRAL,00000000,NA,"FERTILIZER, MIXED","FERTILIZER, MIXED, 10-34-0 - PRICE PAID, MEASURED IN $ / TON",TOTAL,NOT SPECIFIED,541,NA,542.451695887639
SURVEY,2011,MARKETING YEAR,NA,REGION : MULTI-STATE,NA,NA,NA,NA,NA,NA,NA,E SOUTH CENTRAL,00000000,NA,"FERTILIZER, MIXED","FERTILIZER, MIXED, 13-13-13 - PRICE PAID, MEASURED IN $ / TON",TOTAL,NOT SPECIFIED,543,NA,540.0354404945416
SURVEY,2011,MARKETING YEAR,NA,REGION : MULTI-STATE,NA,NA,NA,NA,NA,NA,NA,E SOUTH CENTRAL,00000000,NA,"FERTILIZER, MIXED","FERTILIZER, MIXED, 17-17-17 - PRICE PAID, MEASURED IN $ / TON",TOTAL,NOT SPECIFIED,572,NA,565.3498355815105
SURVEY,2011,MARKETING YEAR,NA,REGION : MULTI-STATE,NA,NA,NA,NA,NA,NA,NA,E SOUTH CENTRAL,00000000,NA,"FERTILIZER, MIXED","FERTILIZER, MIXED, 18-46-0 (DAP) - PRICE PAID, MEASURED IN $ / TON",TOTAL,NOT SPECIFIED,689,NA,697.4740609802819
SURVEY,2011,MARKETING YEAR,NA,REGION : MULTI-STATE,NA,NA,NA,NA,NA,NA,NA,E SOUTH CENTRAL,00000000,NA,"FERTILIZER, MIXED","FERTILIZER, MIXED, 19-19-19 - PRICE PAID, MEASURED IN $ / TON",TOTAL,NOT SPECIFIED,673,NA,677.1908117338559
SURVEY,2011,MARKETING YEAR,NA,REGION : MULTI-STATE,NA,NA,NA,NA,NA,NA,NA,E SOUTH CENTRAL,00000000,NA,"FERTILIZER, MIXED","FERTILIZER, MIXED, 5-20-20 - PRICE PAID, MEASURED IN $ / TON",TOTAL,NOT SPECIFIED,569,NA,564.5689982459353
SURVEY,2011,MARKETING YEAR,NA,REGION : MULTI-STATE,NA,NA,NA,NA,NA,NA,NA,E SOUTH CENTRAL,00000000,NA,"FERTILIZER, MIXED","FERTILIZER, MIXED, 6-24-24 - PRICE PAID, MEASURED IN $ / TON",TOTAL,NOT SPECIFIED,627,NA,630.1842749843505
